time_s,q_cmd_1,q_cmd_2,q_cmd_3,q_cmd_4,q_cmd_5,q_cmd_6
0.000000,0.078750,0.384375,0.346875,-0.056250,0.078750,0.056250
0.010000,0.078750,0.384375,0.346875,-0.056250,0.078750,0.056250
0.020000,0.078750,0.384375,0.346875,-0.056250,0.078750,0.056250
0.030000,0.078750,0.384375,0.346875,-0.056250,0.078750,0.056250
0.040000,0.078750,0.384375,0.346875,-0.056250,0.078750,0.056250
0.050000,0.078750,0.384375,0.346875,-0.056250,0.078750,0.056250
0.060000,0.078750,0.384375,0.346875,-0.056250,0.078750,0.056250
0.070000,0.078750,0.384375,0.346875,-0.056250,0.078750,0.056250
0.080000,0.078750,0.384375,0.346875,-0.056250,0.078750,0.056250
0.090000,0.078750,0.384375,0.346875,-0.056250,0.078750,0.056250
0.100000,0.078750,0.384375,0.346875,-0.056250,0.078750,0.056250
0.110000,0.078750,0.384375,0.346875,-0.056250,0.078750,0.056250
0.120000,0.078750,0.384375,0.346875,-0.056250,0.078750,0.056250
0.130000,0.078750,0.384375,0.346875,-0.056250,0.078750,0.056250
0.140000,0.078750,0.384375,0.346875,-0.056250,0.078750,0.056250
0.150000,0.078750,0.384375,0.346875,-0.056250,0.078750,0.056250
0.160000,0.078750,0.384375,0.346875,-0.056250,0.078750,0.056250
0.170000,0.078750,0.384375,0.346875,-0.056250,0.078750,0.056250
0.180000,0.078750,0.384375,0.346875,-0.056250,0.078750,0.056250
0.190000,0.078750,0.384375,0.346875,-0.056250,0.078750,0.056250
0.200000,0.078750,0.384375,0.346875,-0.056250,0.078750,0.056250
0.210000,0.078750,0.384375,0.346875,-0.056250,0.078750,0.056250
0.220000,0.078750,0.384375,0.346875,-0.056250,0.078750,0.056250
0.230000,0.078750,0.384375,0.346875,-0.056250,0.078750,0.056250
0.240000,0.078750,0.384375,0.346875,-0.056250,0.078750,0.056250
0.250000,0.078750,0.384375,0.346875,-0.056250,0.078750,0.056250
0.260000,0.078750,0.384375,0.346875,-0.056250,0.078750,0.056250
0.270000,0.078750,0.384375,0.346875,-0.056250,0.078750,0.056250
0.280000,0.078750,0.384375,0.346875,-0.056250,0.078750,0.056250
0.290000,0.078750,0.384375,0.346875,-0.056250,0.078750,0.056250
0.300000,0.078750,0.384375,0.346875,-0.056250,0.078750,0.056250
0.310000,0.078750,0.384375,0.346875,-0.056250,0.078750,0.056250
0.320000,0.078750,0.384375,0.346875,-0.056250,0.078750,0.056250
0.330000,0.078750,0.384375,0.346875,-0.056250,0.078750,0.056250
0.340000,0.078750,0.384375,0.346875,-0.056250,0.078750,0.056250
0.350000,0.078750,0.384375,0.346875,-0.056250,0.078750,0.056250
0.360000,0.078750,0.384375,0.346875,-0.056250,0.078750,0.056250
0.370000,0.078750,0.384375,0.346875,-0.056250,0.078750,0.056250
0.380000,0.078750,0.384375,0.346875,-0.056250,0.078750,0.056250
0.390000,0.078750,0.384375,0.346875,-0.056250,0.078750,0.056250
0.400000,0.078750,0.384375,0.346875,-0.056250,0.078750,0.056250
0.410000,0.078750,0.384375,0.346875,-0.056250,0.078750,0.056250
0.420000,0.078750,0.384375,0.346875,-0.056250,0.078750,0.056250
0.430000,0.078750,0.384375,0.346875,-0.056250,0.078750,0.056250
0.440000,0.078750,0.384375,0.346875,-0.056250,0.078750,0.056250
0.450000,0.078750,0.384375,0.346875,-0.056250,0.078750,0.056250
0.460000,0.078750,0.384375,0.346875,-0.056250,0.078750,0.056250
0.470000,0.078750,0.384375,0.346875,-0.056250,0.078750,0.056250
0.480000,0.078750,0.384375,0.346875,-0.056250,0.078750,0.056250
0.490000,0.078750,0.384375,0.346875,-0.056250,0.078750,0.056250
0.500000,0.078750,0.384375,0.346875,-0.056250,0.078750,0.056250
0.510000,0.078750,0.384375,0.346875,-0.056250,0.078750,0.056250
0.520000,0.078750,0.384375,0.346875,-0.056250,0.078750,0.056250
0.530000,0.078750,0.384375,0.346875,-0.056250,0.078750,0.056250
0.540000,0.078750,0.384375,0.346875,-0.056250,0.078750,0.056250
0.550000,0.078750,0.384375,0.346875,-0.056250,0.078750,0.056250
0.560000,0.078750,0.384375,0.346875,-0.056250,0.078750,0.056250
0.570000,0.078750,0.384375,0.346875,-0.056250,0.078750,0.056250
0.580000,0.078750,0.384375,0.346875,-0.056250,0.078750,0.056250
0.590000,0.078750,0.384375,0.346875,-0.056250,0.078750,0.056250
0.600000,0.078750,0.384375,0.346875,-0.056250,0.078750,0.056250
0.610000,0.078750,0.384375,0.346875,-0.056250,0.078750,0.056250
0.620000,0.078750,0.384375,0.346875,-0.056250,0.078750,0.056250
0.630000,0.078750,0.384375,0.346875,-0.056250,0.078750,0.056250
0.640000,0.078750,0.384375,0.346875,-0.056250,0.078750,0.056250
0.650000,0.078750,0.384375,0.346875,-0.056250,0.078750,0.056250
0.660000,0.078750,0.384375,0.346875,-0.056250,0.078750,0.056250
0.670000,0.078750,0.384375,0.346875,-0.056250,0.078750,0.056250
0.680000,0.078750,0.384375,0.346875,-0.056250,0.078750,0.056250
0.690000,0.078750,0.384375,0.346875,-0.056250,0.078750,0.056250
0.700000,0.078750,0.384375,0.346875,-0.056250,0.078750,0.056250
0.710000,0.078750,0.384375,0.346875,-0.056250,0.078750,0.056250
0.720000,0.078750,0.384375,0.346875,-0.056250,0.078750,0.056250
0.730000,0.078750,0.384375,0.346875,-0.056250,0.078750,0.056250
0.740000,0.078750,0.384375,0.346875,-0.056250,0.078750,0.056250
0.750000,0.078750,0.384375,0.346875,-0.056250,0.078750,0.056250
0.760000,0.078750,0.384375,0.346875,-0.056250,0.078750,0.056250
0.770000,0.078750,0.384375,0.346875,-0.056250,0.078750,0.056250
0.780000,0.078750,0.384375,0.346875,-0.056250,0.078750,0.056250
0.790000,0.078750,0.384375,0.346875,-0.056250,0.078750,0.056250
0.800000,0.078750,0.384375,0.346875,-0.056250,0.078750,0.056250
0.810000,0.078750,0.384375,0.346875,-0.056250,0.078750,0.056250
0.820000,0.078750,0.384375,0.346875,-0.056250,0.078750,0.056250
0.830000,0.078750,0.384375,0.346875,-0.056250,0.078750,0.056250
0.840000,0.078750,0.384375,0.346875,-0.056250,0.078750,0.056250
0.850000,0.078750,0.384375,0.346875,-0.056250,0.078750,0.056250
0.860000,0.078750,0.384375,0.346875,-0.056250,0.078750,0.056250
0.870000,0.078750,0.384375,0.346875,-0.056250,0.078750,0.056250
0.880000,0.078750,0.384375,0.346875,-0.056250,0.078750,0.056250
0.890000,0.078750,0.384375,0.346875,-0.056250,0.078750,0.056250
0.900000,0.078750,0.384375,0.346875,-0.056250,0.078750,0.056250
0.910000,0.078750,0.384375,0.346875,-0.056250,0.078750,0.056250
0.920000,0.078750,0.384375,0.346875,-0.056250,0.078750,0.056250
0.930000,0.078750,0.384375,0.346875,-0.056250,0.078750,0.056250
0.940000,0.078750,0.384375,0.346875,-0.056250,0.078750,0.056250
0.950000,0.078750,0.384375,0.346875,-0.056250,0.078750,0.056250
0.960000,0.078750,0.384375,0.346875,-0.056250,0.078750,0.056250
0.970000,0.078750,0.384375,0.346875,-0.056250,0.078750,0.056250
0.980000,0.078750,0.384375,0.346875,-0.056250,0.078750,0.056250
0.990000,0.078750,0.384375,0.346875,-0.056250,0.078750,0.056250
1.000000,0.078750,0.384375,0.346875,-0.056250,0.078750,0.056250
1.010000,0.078741,0.384374,0.346869,-0.056244,0.078742,0.056251
1.020000,0.078723,0.384372,0.346856,-0.056231,0.078725,0.056255
1.030000,0.078698,0.384369,0.346839,-0.056212,0.078702,0.056259
1.040000,0.078668,0.384365,0.346818,-0.056191,0.078675,0.056264
1.050000,0.078635,0.384361,0.346795,-0.056167,0.078645,0.056270
1.060000,0.078597,0.384356,0.346769,-0.056140,0.078611,0.056276
1.070000,0.078552,0.384351,0.346737,-0.056108,0.078570,0.056284
1.080000,0.078498,0.384344,0.346699,-0.056069,0.078520,0.056293
1.090000,0.078432,0.384336,0.346653,-0.056022,0.078460,0.056304
1.100000,0.078352,0.384325,0.346597,-0.055965,0.078387,0.056317
1.110000,0.078259,0.384314,0.346531,-0.055898,0.078302,0.056333
1.120000,0.078150,0.384300,0.346455,-0.055820,0.078203,0.056351
1.130000,0.078025,0.384284,0.346367,-0.055730,0.078089,0.056372
1.140000,0.077882,0.384267,0.346267,-0.055628,0.077959,0.056396
1.150000,0.077719,0.384247,0.346153,-0.055511,0.077811,0.056423
1.160000,0.077536,0.384224,0.346025,-0.055380,0.077644,0.056454
1.170000,0.077331,0.384198,0.345881,-0.055233,0.077457,0.056489
1.180000,0.077101,0.384170,0.345721,-0.055068,0.077248,0.056527
1.190000,0.076847,0.384138,0.345543,-0.054886,0.077017,0.056570
1.200000,0.076567,0.384103,0.345347,-0.054685,0.076762,0.056617
1.210000,0.076259,0.384065,0.345132,-0.054464,0.076482,0.056669
1.220000,0.075924,0.384023,0.344897,-0.054224,0.076176,0.056725
1.230000,0.075561,0.383978,0.344643,-0.053964,0.075846,0.056786
1.240000,0.075171,0.383929,0.344370,-0.053685,0.075491,0.056852
1.250000,0.074754,0.383877,0.344078,-0.053386,0.075111,0.056922
1.260000,0.074310,0.383822,0.343767,-0.053068,0.074707,0.056997
1.270000,0.073839,0.383763,0.343438,-0.052731,0.074278,0.057076
1.280000,0.073342,0.383701,0.343090,-0.052375,0.073825,0.057160
1.290000,0.072819,0.383636,0.342724,-0.052000,0.073348,0.057248
1.300000,0.072269,0.383568,0.342339,-0.051606,0.072848,0.057340
1.310000,0.071693,0.383496,0.341936,-0.051194,0.072324,0.057437
1.320000,0.071092,0.383421,0.341515,-0.050763,0.071776,0.057538
1.330000,0.070465,0.383343,0.341076,-0.050314,0.071205,0.057643
1.340000,0.069812,0.383261,0.340619,-0.049846,0.070611,0.057753
1.350000,0.069134,0.383177,0.340145,-0.049360,0.069993,0.057867
1.360000,0.068431,0.383089,0.339653,-0.048856,0.069353,0.057985
1.370000,0.067703,0.382998,0.339143,-0.048334,0.068690,0.058107
1.380000,0.066950,0.382904,0.338617,-0.047794,0.068004,0.058234
1.390000,0.066172,0.382808,0.338072,-0.047237,0.067296,0.058365
1.400000,0.065370,0.382708,0.337511,-0.046662,0.066565,0.058500
1.410000,0.064544,0.382605,0.336933,-0.046070,0.065812,0.058639
1.420000,0.063694,0.382500,0.336338,-0.045461,0.065039,0.058782
1.430000,0.062822,0.382391,0.335728,-0.044836,0.064244,0.058929
1.440000,0.061928,0.382280,0.335102,-0.044195,0.063430,0.059079
1.450000,0.061013,0.382166,0.334462,-0.043539,0.062597,0.059233
1.460000,0.060078,0.382049,0.333808,-0.042869,0.061745,0.059390
1.470000,0.059124,0.381930,0.333140,-0.042186,0.060877,0.059550
1.480000,0.058152,0.381809,0.332460,-0.041489,0.059991,0.059714
1.490000,0.057162,0.381686,0.331767,-0.040780,0.059090,0.059880
1.500000,0.056155,0.381560,0.331063,-0.040058,0.058173,0.060050
1.510000,0.055133,0.381433,0.330348,-0.039326,0.057242,0.060222
1.520000,0.054096,0.381304,0.329622,-0.038583,0.056298,0.060396
1.530000,0.053045,0.381173,0.328886,-0.037830,0.055341,0.060573
1.540000,0.051981,0.381041,0.328142,-0.037068,0.054372,0.060752
1.550000,0.050905,0.380906,0.327388,-0.036296,0.053392,0.060933
1.560000,0.049817,0.380771,0.326627,-0.035517,0.052401,0.061116
1.570000,0.048719,0.380634,0.325858,-0.034730,0.051401,0.061301
1.580000,0.047611,0.380496,0.325082,-0.033936,0.050392,0.061487
1.590000,0.046494,0.380357,0.324301,-0.033135,0.049375,0.061675
1.600000,0.045369,0.380217,0.323513,-0.032329,0.048350,0.061864
1.610000,0.044237,0.380076,0.322720,-0.031518,0.047319,0.062054
1.620000,0.043099,0.379933,0.321924,-0.030702,0.046282,0.062245
1.630000,0.041955,0.379790,0.321123,-0.029883,0.045241,0.062437
1.640000,0.040808,0.379647,0.320320,-0.029061,0.044196,0.062630
1.650000,0.039658,0.379503,0.319515,-0.028237,0.043148,0.062823
1.660000,0.038506,0.379360,0.318708,-0.027411,0.042099,0.063017
1.670000,0.037353,0.379216,0.317900,-0.026585,0.041049,0.063211
1.680000,0.036200,0.379072,0.317093,-0.025759,0.039999,0.063405
1.690000,0.035048,0.378928,0.316287,-0.024934,0.038950,0.063599
1.700000,0.033898,0.378785,0.315482,-0.024110,0.037903,0.063792
1.710000,0.032751,0.378642,0.314679,-0.023288,0.036859,0.063984
1.720000,0.031609,0.378500,0.313880,-0.022470,0.035819,0.064176
1.730000,0.030472,0.378358,0.313084,-0.021655,0.034784,0.064367
1.740000,0.029342,0.378217,0.312294,-0.020846,0.033754,0.064557
1.750000,0.028219,0.378078,0.311508,-0.020041,0.032731,0.064746
1.760000,0.027104,0.377939,0.310728,-0.019242,0.031716,0.064934
1.770000,0.025999,0.377802,0.309955,-0.018450,0.030709,0.065120
1.780000,0.024904,0.377666,0.309189,-0.017665,0.029713,0.065304
1.790000,0.023821,0.377532,0.308432,-0.016889,0.028726,0.065487
1.800000,0.022750,0.377399,0.307683,-0.016121,0.027751,0.065667
1.810000,0.021693,0.377268,0.306944,-0.015363,0.026788,0.065845
1.820000,0.020650,0.377139,0.306215,-0.014616,0.025838,0.066021
1.830000,0.019623,0.377012,0.305497,-0.013879,0.024902,0.066194
1.840000,0.018611,0.376887,0.304790,-0.013154,0.023981,0.066365
1.850000,0.017616,0.376764,0.304095,-0.012441,0.023075,0.066533
1.860000,0.016638,0.376644,0.303412,-0.011740,0.022184,0.066697
1.870000,0.015679,0.376525,0.302741,-0.011052,0.021311,0.066859
1.880000,0.014738,0.376409,0.302084,-0.010378,0.020454,0.067017
1.890000,0.013817,0.376295,0.301440,-0.009718,0.019615,0.067172
1.900000,0.012917,0.376184,0.300811,-0.009072,0.018795,0.067324
1.910000,0.012037,0.376075,0.300196,-0.008442,0.017994,0.067472
1.920000,0.011180,0.375968,0.299596,-0.007827,0.017213,0.067616
1.930000,0.010345,0.375864,0.299012,-0.007229,0.016453,0.067756
1.940000,0.009534,0.375762,0.298443,-0.006647,0.015714,0.067893
1.950000,0.008746,0.375663,0.297892,-0.006083,0.014997,0.068025
1.960000,0.007984,0.375567,0.297357,-0.005537,0.014303,0.068153
1.970000,0.007247,0.375474,0.296840,-0.005010,0.013632,0.068276
1.980000,0.006537,0.375384,0.296341,-0.004501,0.012985,0.068395
1.990000,0.005854,0.375297,0.295861,-0.004013,0.012363,0.068509
2.000000,0.005199,0.375213,0.295400,-0.003544,0.011767,0.068618
2.010000,0.004573,0.375132,0.294958,-0.003096,0.011197,0.068722
2.020000,0.003975,0.375053,0.294536,-0.002668,0.010652,0.068821
2.030000,0.003404,0.374978,0.294133,-0.002260,0.010133,0.068916
2.040000,0.002861,0.374906,0.293748,-0.001871,0.009638,0.069006
2.050000,0.002344,0.374838,0.293382,-0.001501,0.009167,0.069092
2.060000,0.001853,0.374773,0.293034,-0.001151,0.008720,0.069173
2.070000,0.001388,0.374711,0.292705,-0.000818,0.008296,0.069250
2.080000,0.000947,0.374653,0.292393,-0.000503,0.007895,0.069323
2.090000,0.000531,0.374598,0.292099,-0.000205,0.007516,0.069392
2.100000,0.000139,0.374547,0.291821,0.000075,0.007158,0.069457
2.110000,-0.000230,0.374499,0.291561,0.000339,0.006822,0.069518
2.120000,-0.000576,0.374455,0.291318,0.000587,0.006507,0.069576
2.130000,-0.000900,0.374415,0.291091,0.000819,0.006212,0.069630
2.140000,-0.001202,0.374378,0.290881,0.001036,0.005937,0.069682
2.150000,-0.001483,0.374346,0.290687,0.001238,0.005681,0.069730
2.160000,-0.001744,0.374317,0.290509,0.001425,0.005444,0.069775
2.170000,-0.001984,0.374292,0.290346,0.001598,0.005225,0.069817
2.180000,-0.002205,0.374271,0.290199,0.001758,0.005023,0.069857
2.190000,-0.002407,0.374255,0.290066,0.001904,0.004839,0.069894
2.200000,-0.002591,0.374242,0.289948,0.002038,0.004672,0.069929
2.210000,-0.002757,0.374234,0.289844,0.002159,0.004521,0.069961
2.220000,-0.002905,0.374229,0.289755,0.002269,0.004386,0.069991
2.230000,-0.003037,0.374227,0.289677,0.002366,0.004267,0.070018
2.240000,-0.003152,0.374227,0.289612,0.002452,0.004162,0.070042
2.250000,-0.003251,0.374229,0.289558,0.002526,0.004072,0.070064
2.260000,-0.003335,0.374232,0.289513,0.002590,0.003995,0.070083
2.270000,-0.003404,0.374236,0.289478,0.002642,0.003932,0.070100
2.280000,-0.003459,0.374240,0.289451,0.002684,0.003882,0.070113
2.290000,-0.003500,0.374244,0.289431,0.002715,0.003844,0.070123
2.300000,-0.003529,0.374247,0.289418,0.002737,0.003818,0.070130
2.310000,-0.003544,0.374248,0.289410,0.002749,0.003804,0.070134
2.320000,-0.003548,0.374247,0.289407,0.002751,0.003801,0.070134
2.330000,-0.003540,0.374243,0.289408,0.002744,0.003809,0.070131
2.340000,-0.003521,0.374236,0.289411,0.002728,0.003826,0.070124
2.350000,-0.003491,0.374225,0.289417,0.002704,0.003854,0.070113
2.360000,-0.003451,0.374209,0.289423,0.002671,0.003890,0.070099
2.370000,-0.003402,0.374188,0.289430,0.002630,0.003935,0.070081
2.380000,-0.003343,0.374162,0.289435,0.002580,0.003988,0.070060
2.390000,-0.003276,0.374129,0.289439,0.002523,0.004049,0.070034
2.400000,-0.003201,0.374090,0.289441,0.002459,0.004117,0.070004
2.410000,-0.003118,0.374043,0.289439,0.002387,0.004192,0.069970
2.420000,-0.003027,0.373988,0.289434,0.002307,0.004275,0.069930
2.430000,-0.002926,0.373925,0.289425,0.002219,0.004367,0.069886
2.440000,-0.002815,0.373852,0.289413,0.002120,0.004469,0.069836
2.450000,-0.002692,0.373769,0.289397,0.002011,0.004581,0.069780
2.460000,-0.002556,0.373676,0.289377,0.001889,0.004705,0.069717
2.470000,-0.002405,0.373571,0.289354,0.001755,0.004842,0.069648
2.480000,-0.002240,0.373454,0.289327,0.001607,0.004993,0.069571
2.490000,-0.002058,0.373325,0.289296,0.001444,0.005159,0.069486
2.500000,-0.001859,0.373183,0.289262,0.001265,0.005340,0.069393
2.510000,-0.001642,0.373026,0.289223,0.001069,0.005539,0.069291
2.520000,-0.001405,0.372856,0.289181,0.000856,0.005755,0.069180
2.530000,-0.001147,0.372671,0.289135,0.000624,0.005990,0.069059
2.540000,-0.000868,0.372469,0.289084,0.000373,0.006244,0.068927
2.550000,-0.000565,0.372252,0.289029,0.000101,0.006520,0.068785
2.560000,-0.000239,0.372017,0.288971,-0.000192,0.006817,0.068631
2.570000,0.000112,0.371765,0.288909,-0.000508,0.007137,0.068466
2.580000,0.000490,0.371494,0.288842,-0.000848,0.007482,0.068288
2.590000,0.000895,0.371204,0.288772,-0.001212,0.007851,0.068098
2.600000,0.001328,0.370895,0.288697,-0.001601,0.008246,0.067895
2.610000,0.001791,0.370566,0.288618,-0.002016,0.008667,0.067679
2.620000,0.002282,0.370217,0.288534,-0.002457,0.009115,0.067449
2.630000,0.002802,0.369849,0.288447,-0.002924,0.009589,0.067206
2.640000,0.003350,0.369461,0.288355,-0.003415,0.010088,0.066951
2.650000,0.003925,0.369054,0.288259,-0.003931,0.010612,0.066683
2.660000,0.004527,0.368629,0.288160,-0.004470,0.011161,0.066403
2.670000,0.005155,0.368185,0.288056,-0.005034,0.011734,0.066110
2.680000,0.005809,0.367724,0.287949,-0.005620,0.012330,0.065806
2.690000,0.006488,0.367245,0.287838,-0.006229,0.012949,0.065490
2.700000,0.007192,0.366750,0.287723,-0.006860,0.013590,0.065162
2.710000,0.007920,0.366237,0.287604,-0.007512,0.014254,0.064824
2.720000,0.008672,0.365708,0.287481,-0.008186,0.014939,0.064474
2.730000,0.009447,0.365163,0.287355,-0.008880,0.015645,0.064114
2.740000,0.010244,0.364601,0.287225,-0.009595,0.016372,0.063743
2.750000,0.011063,0.364025,0.287092,-0.010329,0.017119,0.063362
2.760000,0.011904,0.363433,0.286955,-0.011082,0.017886,0.062971
2.770000,0.012766,0.362827,0.286815,-0.011854,0.018672,0.062570
2.780000,0.013648,0.362206,0.286671,-0.012645,0.019476,0.062160
2.790000,0.014550,0.361571,0.286523,-0.013453,0.020298,0.061741
2.800000,0.015472,0.360922,0.286373,-0.014279,0.021138,0.061312
2.810000,0.016412,0.360260,0.286219,-0.015122,0.021995,0.060875
2.820000,0.017370,0.359585,0.286063,-0.015981,0.022869,0.060429
2.830000,0.018345,0.358897,0.285903,-0.016855,0.023757,0.059975
2.840000,0.019336,0.358199,0.285741,-0.017743,0.024661,0.059514
2.850000,0.020342,0.357490,0.285576,-0.018645,0.025578,0.059046
2.860000,0.021363,0.356771,0.285409,-0.019559,0.026509,0.058571
2.870000,0.022396,0.356042,0.285239,-0.020485,0.027451,0.058091
2.880000,0.023442,0.355305,0.285067,-0.021422,0.028404,0.057604
2.890000,0.024499,0.354559,0.284893,-0.022370,0.029368,0.057112
2.900000,0.025567,0.353806,0.284718,-0.023326,0.030340,0.056615
2.910000,0.026644,0.353047,0.284541,-0.024292,0.031322,0.056113
2.920000,0.027729,0.352281,0.284362,-0.025265,0.032311,0.055608
2.930000,0.028822,0.351510,0.284182,-0.026245,0.033307,0.055099
2.940000,0.029921,0.350735,0.284001,-0.027230,0.034309,0.054587
2.950000,0.031026,0.349955,0.283820,-0.028221,0.035316,0.054073
2.960000,0.032136,0.349172,0.283637,-0.029216,0.036328,0.053556
2.970000,0.033249,0.348386,0.283454,-0.030214,0.037343,0.053038
2.980000,0.034366,0.347598,0.283270,-0.031216,0.038361,0.052518
2.990000,0.035484,0.346809,0.283085,-0.032218,0.039380,0.051998
3.000000,0.036603,0.346019,0.282901,-0.033222,0.040400,0.051477
3.010000,0.037722,0.345229,0.282717,-0.034226,0.041420,0.050956
3.020000,0.038841,0.344440,0.282533,-0.035228,0.042439,0.050435
3.030000,0.039957,0.343652,0.282350,-0.036229,0.043457,0.049916
3.040000,0.041071,0.342866,0.282167,-0.037228,0.044472,0.049397
3.050000,0.042181,0.342083,0.281985,-0.038223,0.045484,0.048880
3.060000,0.043286,0.341303,0.281803,-0.039215,0.046491,0.048365
3.070000,0.044385,0.340527,0.281622,-0.040201,0.047493,0.047853
3.080000,0.045478,0.339756,0.281442,-0.041181,0.048489,0.047344
3.090000,0.046563,0.338990,0.281264,-0.042154,0.049478,0.046839
3.100000,0.047640,0.338230,0.281087,-0.043120,0.050460,0.046338
3.110000,0.048708,0.337478,0.280912,-0.044077,0.051433,0.045841
3.120000,0.049765,0.336732,0.280738,-0.045025,0.052397,0.045349
3.130000,0.050811,0.335995,0.280566,-0.045962,0.053350,0.044862
3.140000,0.051844,0.335266,0.280397,-0.046888,0.054293,0.044381
3.150000,0.052865,0.334547,0.280229,-0.047803,0.055223,0.043906
3.160000,0.053871,0.333838,0.280064,-0.048704,0.056140,0.043438
3.170000,0.054862,0.333140,0.279901,-0.049592,0.057044,0.042977
3.180000,0.055837,0.332453,0.279741,-0.050465,0.057932,0.042523
3.190000,0.056796,0.331779,0.279584,-0.051323,0.058806,0.042077
3.200000,0.057736,0.331117,0.279430,-0.052165,0.059663,0.041640
3.210000,0.058657,0.330469,0.279279,-0.052990,0.060503,0.041212
3.220000,0.059559,0.329835,0.279130,-0.053797,0.061325,0.040792
3.230000,0.060441,0.329215,0.278986,-0.054585,0.062129,0.040382
3.240000,0.061303,0.328609,0.278844,-0.055356,0.062915,0.039982
3.250000,0.062144,0.328018,0.278706,-0.056108,0.063682,0.039591
3.260000,0.062963,0.327442,0.278572,-0.056840,0.064429,0.039210
3.270000,0.063760,0.326882,0.278441,-0.057553,0.065156,0.038839
3.280000,0.064535,0.326337,0.278314,-0.058246,0.065862,0.038479
3.290000,0.065287,0.325808,0.278191,-0.058918,0.066547,0.038129
3.300000,0.066015,0.325296,0.278071,-0.059570,0.067211,0.037791
3.310000,0.066719,0.324801,0.277956,-0.060200,0.067853,0.037463
3.320000,0.067398,0.324322,0.277844,-0.060809,0.068472,0.037147
3.330000,0.068052,0.323861,0.277737,-0.061395,0.069068,0.036843
3.340000,0.068680,0.323417,0.277634,-0.061959,0.069641,0.036550
3.350000,0.069282,0.322991,0.277535,-0.062500,0.070189,0.036270
3.360000,0.069857,0.322584,0.277440,-0.063017,0.070713,0.036002
3.370000,0.070405,0.322195,0.277350,-0.063510,0.071212,0.035746
3.380000,0.070925,0.321825,0.277264,-0.063979,0.071686,0.035504
3.390000,0.071416,0.321474,0.277183,-0.064423,0.072134,0.035274
3.400000,0.071879,0.321143,0.277106,-0.064842,0.072555,0.035057
3.410000,0.072312,0.320831,0.277034,-0.065236,0.072950,0.034854
3.420000,0.072717,0.320539,0.276967,-0.065605,0.073318,0.034664
3.430000,0.073095,0.320265,0.276904,-0.065951,0.073662,0.034486
3.440000,0.073446,0.320010,0.276846,-0.066273,0.073982,0.034321
3.450000,0.073772,0.319772,0.276791,-0.066573,0.074279,0.034167
3.460000,0.074075,0.319551,0.276741,-0.066850,0.074554,0.034025
3.470000,0.074354,0.319347,0.276694,-0.067107,0.074808,0.033893
3.480000,0.074612,0.319159,0.276651,-0.067344,0.075042,0.033772
3.490000,0.074849,0.318986,0.276612,-0.067562,0.075258,0.033660
3.500000,0.075066,0.318828,0.276576,-0.067761,0.075456,0.033558
3.510000,0.075265,0.318685,0.276543,-0.067942,0.075637,0.033465
3.520000,0.075447,0.318555,0.276513,-0.068107,0.075803,0.033380
3.530000,0.075612,0.318439,0.276486,-0.068255,0.075954,0.033303
3.540000,0.075763,0.318335,0.276462,-0.068388,0.076091,0.033234
3.550000,0.075899,0.318244,0.276440,-0.068506,0.076215,0.033172
3.560000,0.076022,0.318164,0.276420,-0.068610,0.076328,0.033116
3.570000,0.076133,0.318095,0.276403,-0.068701,0.076430,0.033066
3.580000,0.076234,0.318037,0.276387,-0.068780,0.076523,0.033022
3.590000,0.076325,0.317988,0.276374,-0.068847,0.076607,0.032983
3.600000,0.076408,0.317949,0.276362,-0.068903,0.076684,0.032949
3.610000,0.076483,0.317919,0.276352,-0.068950,0.076754,0.032919
3.620000,0.076550,0.317896,0.276343,-0.068987,0.076816,0.032894
3.630000,0.076609,0.317880,0.276336,-0.069017,0.076871,0.032872
3.640000,0.076658,0.317869,0.276330,-0.069039,0.076917,0.032855
3.650000,0.076698,0.317862,0.276325,-0.069055,0.076955,0.032841
3.660000,0.076728,0.317857,0.276322,-0.069066,0.076983,0.032831
3.670000,0.076747,0.317855,0.276320,-0.069074,0.077001,0.032825
3.680000,0.076755,0.317852,0.276319,-0.069078,0.077009,0.032822
3.690000,0.076751,0.317849,0.276319,-0.069080,0.077005,0.032822
3.700000,0.076736,0.317843,0.276320,-0.069082,0.076990,0.032825
3.710000,0.076707,0.317834,0.276322,-0.069084,0.076962,0.032832
3.720000,0.076666,0.317820,0.276325,-0.069086,0.076922,0.032841
3.730000,0.076611,0.317800,0.276328,-0.069090,0.076868,0.032853
3.740000,0.076542,0.317773,0.276332,-0.069098,0.076800,0.032868
3.750000,0.076458,0.317738,0.276336,-0.069109,0.076718,0.032886
3.760000,0.076359,0.317693,0.276341,-0.069125,0.076620,0.032906
3.770000,0.076244,0.317637,0.276346,-0.069147,0.076506,0.032929
3.780000,0.076112,0.317570,0.276352,-0.069177,0.076376,0.032953
3.790000,0.075964,0.317489,0.276359,-0.069214,0.076229,0.032980
3.800000,0.075798,0.317393,0.276365,-0.069260,0.076065,0.033009
3.810000,0.075615,0.317282,0.276372,-0.069316,0.075883,0.033040
3.820000,0.075413,0.317154,0.276378,-0.069382,0.075682,0.033072
3.830000,0.075192,0.317011,0.276385,-0.069458,0.075462,0.033107
3.840000,0.074952,0.316851,0.276392,-0.069544,0.075222,0.033144
3.850000,0.074692,0.316675,0.276399,-0.069640,0.074962,0.033183
3.860000,0.074410,0.316483,0.276407,-0.069746,0.074681,0.033225
3.870000,0.074108,0.316273,0.276415,-0.069863,0.074379,0.033270
3.880000,0.073784,0.316047,0.276423,-0.069989,0.074055,0.033317
3.890000,0.073438,0.315804,0.276432,-0.070126,0.073709,0.033367
3.900000,0.073069,0.315543,0.276441,-0.070273,0.073340,0.033421
3.910000,0.072677,0.315264,0.276451,-0.070430,0.072947,0.033477
3.920000,0.072261,0.314968,0.276461,-0.070597,0.072531,0.033537
3.930000,0.071820,0.314654,0.276472,-0.070775,0.072090,0.033600
3.940000,0.071355,0.314322,0.276483,-0.070962,0.071624,0.033667
3.950000,0.070864,0.313972,0.276495,-0.071161,0.071133,0.033737
3.960000,0.070347,0.313603,0.276508,-0.071369,0.070616,0.033811
3.970000,0.069804,0.313216,0.276521,-0.071588,0.070072,0.033889
3.980000,0.069233,0.312810,0.276535,-0.071817,0.069502,0.033971
3.990000,0.068635,0.312385,0.276550,-0.072056,0.068904,0.034057
4.000000,0.068009,0.311941,0.276565,-0.072306,0.068277,0.034147
4.010000,0.067354,0.311478,0.276581,-0.072566,0.067622,0.034242
4.020000,0.066672,0.310997,0.276598,-0.072837,0.066938,0.034341
4.030000,0.065962,0.310497,0.276616,-0.073117,0.066228,0.034444
4.040000,0.065225,0.309979,0.276635,-0.073407,0.065491,0.034551
4.050000,0.064463,0.309444,0.276654,-0.073707,0.064729,0.034662
4.060000,0.063675,0.308892,0.276675,-0.074016,0.063942,0.034777
4.070000,0.062864,0.308323,0.276695,-0.074333,0.063131,0.034895
4.080000,0.062029,0.307739,0.276717,-0.074660,0.062296,0.035017
4.090000,0.061172,0.307139,0.276739,-0.074995,0.061439,0.035142
4.100000,0.060292,0.306525,0.276762,-0.075338,0.060559,0.035271
4.110000,0.059392,0.305896,0.276785,-0.075689,0.059659,0.035403
4.120000,0.058471,0.305253,0.276809,-0.076048,0.058738,0.035538
4.130000,0.057530,0.304596,0.276833,-0.076414,0.057797,0.035676
4.140000,0.056571,0.303926,0.276858,-0.076788,0.056838,0.035816
4.150000,0.055593,0.303244,0.276883,-0.077169,0.055861,0.035959
4.160000,0.054598,0.302549,0.276909,-0.077556,0.054866,0.036105
4.170000,0.053586,0.301843,0.276935,-0.077950,0.053855,0.036253
4.180000,0.052559,0.301126,0.276962,-0.078350,0.052828,0.036404
4.190000,0.051517,0.300398,0.276989,-0.078756,0.051785,0.036556
4.200000,0.050460,0.299660,0.277017,-0.079168,0.050729,0.036711
4.210000,0.049390,0.298912,0.277045,-0.079586,0.049659,0.036868
4.220000,0.048307,0.298155,0.277073,-0.080008,0.048576,0.037026
4.230000,0.047212,0.297390,0.277101,-0.080435,0.047482,0.037186
4.240000,0.046107,0.296617,0.277129,-0.080867,0.046377,0.037348
4.250000,0.044993,0.295838,0.277158,-0.081302,0.045262,0.037511
4.260000,0.043870,0.295052,0.277187,-0.081741,0.044139,0.037675
4.270000,0.042740,0.294261,0.277216,-0.082183,0.043009,0.037840
4.280000,0.041603,0.293466,0.277245,-0.082627,0.041872,0.038006
4.290000,0.040461,0.292667,0.277274,-0.083074,0.040730,0.038173
4.300000,0.039315,0.291864,0.277304,-0.083522,0.039584,0.038341
4.310000,0.038165,0.291059,0.277333,-0.083972,0.038434,0.038509
4.320000,0.037013,0.290253,0.277363,-0.084423,0.037283,0.038677
4.330000,0.035860,0.289446,0.277393,-0.084874,0.036130,0.038845
4.340000,0.034707,0.288638,0.277423,-0.085325,0.034978,0.039014
4.350000,0.033555,0.287831,0.277452,-0.085776,0.033826,0.039182
4.360000,0.032405,0.287026,0.277482,-0.086226,0.032676,0.039350
4.370000,0.031258,0.286223,0.277512,-0.086675,0.031529,0.039517
4.380000,0.030114,0.285422,0.277541,-0.087123,0.030386,0.039684
4.390000,0.028976,0.284626,0.277570,-0.087569,0.029247,0.039851
4.400000,0.027844,0.283833,0.277599,-0.088012,0.028115,0.040016
4.410000,0.026719,0.283045,0.277628,-0.088452,0.026990,0.040180
4.420000,0.025602,0.282263,0.277656,-0.088890,0.025873,0.040344
4.430000,0.024494,0.281487,0.277684,-0.089323,0.024765,0.040506
4.440000,0.023395,0.280718,0.277712,-0.089753,0.023666,0.040666
4.450000,0.022307,0.279956,0.277740,-0.090179,0.022578,0.040825
4.460000,0.021230,0.279203,0.277768,-0.090600,0.021501,0.040982
4.470000,0.020165,0.278458,0.277795,-0.091017,0.020436,0.041137
4.480000,0.019114,0.277722,0.277822,-0.091428,0.019385,0.041291
4.490000,0.018077,0.276996,0.277849,-0.091834,0.018348,0.041443
4.500000,0.017055,0.276281,0.277875,-0.092234,0.017326,0.041592
4.510000,0.016049,0.275577,0.277901,-0.092627,0.016321,0.041739
4.520000,0.015059,0.274884,0.277926,-0.093014,0.015331,0.041884
4.530000,0.014087,0.274204,0.277951,-0.093394,0.014359,0.042026
4.540000,0.013133,0.273536,0.277976,-0.093767,0.013405,0.042166
4.550000,0.012198,0.272883,0.278000,-0.094132,0.012470,0.042302
4.560000,0.011284,0.272243,0.278024,-0.094489,0.011555,0.042436
4.570000,0.010391,0.271618,0.278047,-0.094838,0.010662,0.042566
4.580000,0.009519,0.271008,0.278070,-0.095178,0.009790,0.042694
4.590000,0.008670,0.270414,0.278092,-0.095510,0.008942,0.042818
4.600000,0.007845,0.269837,0.278114,-0.095832,0.008117,0.042938
4.610000,0.007044,0.269277,0.278135,-0.096144,0.007316,0.043055
4.620000,0.006268,0.268733,0.278155,-0.096447,0.006540,0.043168
4.630000,0.005516,0.268207,0.278175,-0.096740,0.005789,0.043278
4.640000,0.004790,0.267699,0.278194,-0.097024,0.005062,0.043384
4.650000,0.004089,0.267208,0.278213,-0.097298,0.004360,0.043486
4.660000,0.003413,0.266735,0.278231,-0.097562,0.003684,0.043585
4.670000,0.002762,0.266280,0.278248,-0.097817,0.003033,0.043680
4.680000,0.002136,0.265842,0.278265,-0.098061,0.002407,0.043772
4.690000,0.001536,0.265422,0.278281,-0.098295,0.001807,0.043860
4.700000,0.000961,0.265020,0.278296,-0.098520,0.001232,0.043944
4.710000,0.000412,0.264635,0.278310,-0.098734,0.000683,0.044024
4.720000,-0.000111,0.264269,0.278324,-0.098938,0.000160,0.044101
4.730000,-0.000608,0.263921,0.278337,-0.099132,-0.000337,0.044174
4.740000,-0.001079,0.263591,0.278349,-0.099317,-0.000807,0.044242
4.750000,-0.001524,0.263280,0.278360,-0.099491,-0.001252,0.044307
4.760000,-0.001942,0.262987,0.278370,-0.099655,-0.001670,0.044368
4.770000,-0.002334,0.262713,0.278379,-0.099809,-0.002062,0.044425
4.780000,-0.002699,0.262457,0.278387,-0.099953,-0.002427,0.044479
4.790000,-0.003038,0.262220,0.278395,-0.100087,-0.002765,0.044528
4.800000,-0.003350,0.262002,0.278401,-0.100210,-0.003077,0.044574
4.810000,-0.003635,0.261803,0.278407,-0.100323,-0.003362,0.044616
4.820000,-0.003895,0.261621,0.278411,-0.100426,-0.003621,0.044654
4.830000,-0.004129,0.261457,0.278416,-0.100520,-0.003855,0.044688
4.840000,-0.004341,0.261309,0.278419,-0.100604,-0.004066,0.044719
4.850000,-0.004530,0.261176,0.278422,-0.100680,-0.004255,0.044746
4.860000,-0.004699,0.261058,0.278424,-0.100748,-0.004423,0.044771
4.870000,-0.004848,0.260954,0.278426,-0.100808,-0.004571,0.044792
4.880000,-0.004978,0.260863,0.278427,-0.100860,-0.004701,0.044811
4.890000,-0.005091,0.260784,0.278428,-0.100905,-0.004814,0.044828
4.900000,-0.005188,0.260717,0.278429,-0.100944,-0.004910,0.044842
4.910000,-0.005270,0.260660,0.278431,-0.100977,-0.004992,0.044854
4.920000,-0.005338,0.260612,0.278432,-0.101004,-0.005060,0.044864
4.930000,-0.005394,0.260573,0.278433,-0.101026,-0.005116,0.044872
4.940000,-0.005438,0.260542,0.278435,-0.101043,-0.005160,0.044878
4.950000,-0.005472,0.260518,0.278437,-0.101056,-0.005194,0.044883
4.960000,-0.005497,0.260500,0.278440,-0.101064,-0.005220,0.044887
4.970000,-0.005515,0.260488,0.278443,-0.101069,-0.005238,0.044890
4.980000,-0.005526,0.260480,0.278447,-0.101070,-0.005250,0.044891
4.990000,-0.005531,0.260475,0.278452,-0.101068,-0.005257,0.044893
5.000000,-0.005533,0.260474,0.278458,-0.101064,-0.005260,0.044893
5.010000,-0.005531,0.260475,0.278465,-0.101058,-0.005260,0.044893
5.020000,-0.005526,0.260478,0.278473,-0.101048,-0.005256,0.044892
5.030000,-0.005514,0.260486,0.278484,-0.101034,-0.005248,0.044891
5.040000,-0.005497,0.260497,0.278499,-0.101014,-0.005234,0.044888
5.050000,-0.005472,0.260514,0.278519,-0.100987,-0.005214,0.044884
5.060000,-0.005438,0.260536,0.278544,-0.100952,-0.005186,0.044879
5.070000,-0.005394,0.260565,0.278575,-0.100907,-0.005150,0.044873
5.080000,-0.005339,0.260602,0.278614,-0.100852,-0.005104,0.044865
5.090000,-0.005271,0.260647,0.278661,-0.100785,-0.005048,0.044855
5.100000,-0.005190,0.260701,0.278717,-0.100704,-0.004980,0.044843
5.110000,-0.005093,0.260765,0.278783,-0.100609,-0.004899,0.044829
5.120000,-0.004981,0.260840,0.278860,-0.100498,-0.004805,0.044813
5.130000,-0.004851,0.260926,0.278949,-0.100370,-0.004697,0.044794
5.140000,-0.004704,0.261025,0.279050,-0.100224,-0.004573,0.044773
5.150000,-0.004536,0.261137,0.279165,-0.100058,-0.004433,0.044749
5.160000,-0.004348,0.261262,0.279295,-0.099871,-0.004276,0.044722
5.170000,-0.004138,0.261402,0.279440,-0.099662,-0.004101,0.044692
5.180000,-0.003904,0.261558,0.279602,-0.099431,-0.003906,0.044658
5.190000,-0.003647,0.261729,0.279780,-0.099174,-0.003691,0.044621
5.200000,-0.003363,0.261918,0.279977,-0.098892,-0.003455,0.044580
5.210000,-0.003053,0.262124,0.280193,-0.098583,-0.003197,0.044535
5.220000,-0.002716,0.262348,0.280427,-0.098247,-0.002916,0.044487
5.230000,-0.002352,0.262590,0.280681,-0.097884,-0.002613,0.044434
5.240000,-0.001962,0.262849,0.280953,-0.097495,-0.002289,0.044378
5.250000,-0.001546,0.263126,0.281244,-0.097079,-0.001943,0.044318
5.260000,-0.001104,0.263420,0.281553,-0.096637,-0.001575,0.044255
5.270000,-0.000635,0.263731,0.281881,-0.096169,-0.001186,0.044187
5.280000,-0.000141,0.264060,0.282227,-0.095674,-0.000775,0.044116
5.290000,0.000379,0.264406,0.282591,-0.095154,-0.000343,0.044041
5.300000,0.000925,0.264769,0.282974,-0.094607,0.000111,0.043962
5.310000,0.001496,0.265148,0.283375,-0.094035,0.000587,0.043880
5.320000,0.002093,0.265545,0.283793,-0.093438,0.001083,0.043794
5.330000,0.002715,0.265959,0.284229,-0.092815,0.001600,0.043704
5.340000,0.003362,0.266389,0.284683,-0.092167,0.002139,0.043611
5.350000,0.004035,0.266836,0.285154,-0.091494,0.002698,0.043514
5.360000,0.004732,0.267300,0.285643,-0.090796,0.003278,0.043414
5.370000,0.005454,0.267780,0.286149,-0.090073,0.003879,0.043310
5.380000,0.006201,0.268277,0.286673,-0.089325,0.004500,0.043203
5.390000,0.006973,0.268791,0.287214,-0.088553,0.005141,0.043092
5.400000,0.007769,0.269320,0.287772,-0.087756,0.005803,0.042977
5.410000,0.008589,0.269866,0.288347,-0.086935,0.006485,0.042859
5.420000,0.009433,0.270427,0.288938,-0.086091,0.007187,0.042737
5.430000,0.010300,0.271003,0.289545,-0.085224,0.007907,0.042613
5.440000,0.011188,0.271593,0.290167,-0.084335,0.008646,0.042485
5.450000,0.012097,0.272197,0.290804,-0.083426,0.009402,0.042354
5.460000,0.013026,0.272815,0.291454,-0.082496,0.010175,0.042221
5.470000,0.013974,0.273445,0.292118,-0.081548,0.010964,0.042084
5.480000,0.014941,0.274088,0.292795,-0.080581,0.011768,0.041945
5.490000,0.015925,0.274742,0.293484,-0.079597,0.012587,0.041803
5.500000,0.016926,0.275408,0.294184,-0.078595,0.013419,0.041659
5.510000,0.017943,0.276084,0.294896,-0.077579,0.014264,0.041513
5.520000,0.018974,0.276770,0.295618,-0.076547,0.015122,0.041364
5.530000,0.020019,0.277465,0.296350,-0.075502,0.015991,0.041213
5.540000,0.021078,0.278169,0.297091,-0.074443,0.016872,0.041061
5.550000,0.022148,0.278881,0.297840,-0.073372,0.017762,0.040907
5.560000,0.023230,0.279600,0.298598,-0.072290,0.018662,0.040751
5.570000,0.024322,0.280327,0.299363,-0.071197,0.019571,0.040594
5.580000,0.025424,0.281060,0.300135,-0.070094,0.020487,0.040435
5.590000,0.026535,0.281799,0.300912,-0.068983,0.021411,0.040274
5.600000,0.027654,0.282543,0.301696,-0.067863,0.022342,0.040113
5.610000,0.028780,0.283292,0.302485,-0.066736,0.023278,0.039950
5.620000,0.029912,0.284045,0.303278,-0.065604,0.024220,0.039787
5.630000,0.031049,0.284802,0.304075,-0.064466,0.025165,0.039623
5.640000,0.032190,0.285561,0.304874,-0.063324,0.026114,0.039458
5.650000,0.033334,0.286322,0.305675,-0.062179,0.027065,0.039293
5.660000,0.034479,0.287084,0.306478,-0.061032,0.028018,0.039128
5.670000,0.035626,0.287846,0.307281,-0.059884,0.028972,0.038962
5.680000,0.036772,0.288609,0.308084,-0.058737,0.029925,0.038797
5.690000,0.037917,0.289371,0.308886,-0.057591,0.030877,0.038632
5.700000,0.039060,0.290131,0.309687,-0.056447,0.031828,0.038467
5.710000,0.040200,0.290890,0.310485,-0.055307,0.032776,0.038303
5.720000,0.041335,0.291645,0.311280,-0.054171,0.033720,0.038139
5.730000,0.042465,0.292397,0.312071,-0.053040,0.034660,0.037976
5.740000,0.043589,0.293144,0.312858,-0.051916,0.035595,0.037814
5.750000,0.044706,0.293886,0.313640,-0.050799,0.036523,0.037653
5.760000,0.045814,0.294622,0.314415,-0.049691,0.037445,0.037494
5.770000,0.046913,0.295352,0.315184,-0.048593,0.038359,0.037336
5.780000,0.048001,0.296075,0.315945,-0.047505,0.039264,0.037180
5.790000,0.049078,0.296790,0.316698,-0.046430,0.040159,0.037026
5.800000,0.050142,0.297497,0.317442,-0.045367,0.041044,0.036874
5.810000,0.051193,0.298194,0.318176,-0.044318,0.041918,0.036724
5.820000,0.052229,0.298882,0.318901,-0.043283,0.042780,0.036576
5.830000,0.053250,0.299560,0.319614,-0.042263,0.043629,0.036430
5.840000,0.054256,0.300227,0.320317,-0.041259,0.044466,0.036287
5.850000,0.055245,0.300883,0.321008,-0.040272,0.045289,0.036146
5.860000,0.056217,0.301528,0.321687,-0.039302,0.046098,0.036008
5.870000,0.057172,0.302161,0.322354,-0.038350,0.046891,0.035871
5.880000,0.058107,0.302781,0.323007,-0.037417,0.047669,0.035738
5.890000,0.059023,0.303389,0.323647,-0.036503,0.048430,0.035607
5.900000,0.059918,0.303983,0.324273,-0.035609,0.049175,0.035479
5.910000,0.060793,0.304563,0.324884,-0.034735,0.049902,0.035354
5.920000,0.061645,0.305130,0.325481,-0.033883,0.050611,0.035231
5.930000,0.062475,0.305682,0.326062,-0.033053,0.051301,0.035111
5.940000,0.063282,0.306219,0.326628,-0.032245,0.051972,0.034995
5.950000,0.064064,0.306740,0.327177,-0.031460,0.052624,0.034881
5.960000,0.064822,0.307246,0.327709,-0.030700,0.053254,0.034771
5.970000,0.065554,0.307735,0.328224,-0.029964,0.053863,0.034664
5.980000,0.066261,0.308208,0.328721,-0.029254,0.054450,0.034559
5.990000,0.066940,0.308663,0.329201,-0.028569,0.055015,0.034459
6.000000,0.067591,0.309100,0.329661,-0.027911,0.055557,0.034361
6.010000,0.068214,0.309519,0.330102,-0.027280,0.056075,0.034267
6.020000,0.068809,0.309921,0.330525,-0.026676,0.056570,0.034176
6.030000,0.069376,0.310304,0.330928,-0.026099,0.057042,0.034089
6.040000,0.069917,0.310670,0.331313,-0.025549,0.057492,0.034006
6.050000,0.070431,0.311018,0.331680,-0.025025,0.057920,0.033926
6.060000,0.070919,0.311349,0.332028,-0.024527,0.058326,0.033851
6.070000,0.071382,0.311663,0.332358,-0.024055,0.058711,0.033779
6.080000,0.071820,0.311960,0.332671,-0.023609,0.059076,0.033711
6.090000,0.072234,0.312240,0.332966,-0.023188,0.059420,0.033647
6.100000,0.072624,0.312503,0.333243,-0.022792,0.059745,0.033588
6.110000,0.072991,0.312750,0.333503,-0.022421,0.060050,0.033533
6.120000,0.073335,0.312980,0.333745,-0.022075,0.060336,0.033482
6.130000,0.073657,0.313194,0.333970,-0.021753,0.060604,0.033436
6.140000,0.073958,0.313392,0.334178,-0.021455,0.060854,0.033394
6.150000,0.074237,0.313574,0.334370,-0.021181,0.061086,0.033357
6.160000,0.074496,0.313740,0.334545,-0.020931,0.061301,0.033325
6.170000,0.074735,0.313891,0.334704,-0.020704,0.061499,0.033298
6.180000,0.074954,0.314026,0.334846,-0.020501,0.061682,0.033275
6.190000,0.075155,0.314145,0.334973,-0.020320,0.061848,0.033257
6.200000,0.075337,0.314250,0.335084,-0.020162,0.061999,0.033245
6.210000,0.075501,0.314340,0.335179,-0.020026,0.062135,0.033238
6.220000,0.075648,0.314416,0.335260,-0.019911,0.062257,0.033235
6.230000,0.075777,0.314480,0.335327,-0.019814,0.062364,0.033236
6.240000,0.075891,0.314532,0.335383,-0.019735,0.062458,0.033240
6.250000,0.075989,0.314574,0.335428,-0.019671,0.062539,0.033246
6.260000,0.076072,0.314607,0.335463,-0.019621,0.062607,0.033254
6.270000,0.076140,0.314632,0.335490,-0.019582,0.062663,0.033261
6.280000,0.076194,0.314651,0.335510,-0.019554,0.062708,0.033269
6.290000,0.076235,0.314664,0.335524,-0.019534,0.062742,0.033275
6.300000,0.076262,0.314672,0.335533,-0.019521,0.062764,0.033280
6.310000,0.076278,0.314678,0.335539,-0.019513,0.062777,0.033282
6.320000,0.076281,0.314681,0.335542,-0.019508,0.062780,0.033280
6.330000,0.076273,0.314683,0.335544,-0.019504,0.062773,0.033274
6.340000,0.076254,0.314686,0.335547,-0.019500,0.062758,0.033263
6.350000,0.076226,0.314691,0.335551,-0.019494,0.062734,0.033247
6.360000,0.076187,0.314698,0.335558,-0.019484,0.062703,0.033224
6.370000,0.076139,0.314709,0.335569,-0.019469,0.062664,0.033194
6.380000,0.076083,0.314726,0.335585,-0.019446,0.062619,0.033156
6.390000,0.076019,0.314749,0.335608,-0.019414,0.062567,0.033109
6.400000,0.075947,0.314779,0.335638,-0.019371,0.062509,0.033052
6.410000,0.075868,0.314818,0.335677,-0.019316,0.062445,0.032985
6.420000,0.075781,0.314866,0.335724,-0.019247,0.062375,0.032906
6.430000,0.075685,0.314923,0.335782,-0.019164,0.062298,0.032814
6.440000,0.075579,0.314991,0.335850,-0.019066,0.062213,0.032710
6.450000,0.075462,0.315070,0.335929,-0.018952,0.062119,0.032591
6.460000,0.075332,0.315160,0.336020,-0.018823,0.062015,0.032458
6.470000,0.075189,0.315262,0.336123,-0.018675,0.061901,0.032308
6.480000,0.075032,0.315377,0.336239,-0.018510,0.061775,0.032142
6.490000,0.074860,0.315504,0.336368,-0.018326,0.061637,0.031958
6.500000,0.074671,0.315645,0.336510,-0.018122,0.061486,0.031754
6.510000,0.074465,0.315800,0.336667,-0.017898,0.061322,0.031532
6.520000,0.074240,0.315970,0.336838,-0.017652,0.061142,0.031288
6.530000,0.073996,0.316155,0.337025,-0.017384,0.060946,0.031023
6.540000,0.073730,0.316356,0.337227,-0.017094,0.060734,0.030735
6.550000,0.073444,0.316573,0.337446,-0.016780,0.060505,0.030424
6.560000,0.073134,0.316807,0.337682,-0.016442,0.060257,0.030089
6.570000,0.072801,0.317058,0.337936,-0.016079,0.059990,0.029729
6.580000,0.072442,0.317327,0.338207,-0.015691,0.059703,0.029342
6.590000,0.072058,0.317615,0.338498,-0.015276,0.059396,0.028929
6.600000,0.071647,0.317921,0.338807,-0.014833,0.059067,0.028487
6.610000,0.071208,0.318247,0.339136,-0.014362,0.058716,0.028017
6.620000,0.070742,0.318592,0.339483,-0.013864,0.058342,0.027518
6.630000,0.070248,0.318956,0.339850,-0.013338,0.057947,0.026991
6.640000,0.069728,0.319338,0.340236,-0.012785,0.057531,0.026437
6.650000,0.069182,0.319739,0.340640,-0.012206,0.057094,0.025856
6.660000,0.068610,0.320158,0.341063,-0.011601,0.056636,0.025249
6.670000,0.068014,0.320594,0.341503,-0.010971,0.056159,0.024615
6.680000,0.067393,0.321048,0.341961,-0.010316,0.055662,0.023956
6.690000,0.066748,0.321519,0.342436,-0.009636,0.055146,0.023272
6.700000,0.066080,0.322007,0.342927,-0.008932,0.054611,0.022563
6.710000,0.065389,0.322511,0.343436,-0.008205,0.054057,0.021830
6.720000,0.064675,0.323031,0.343960,-0.007454,0.053486,0.021073
6.730000,0.063939,0.323567,0.344500,-0.006680,0.052897,0.020294
6.740000,0.063182,0.324118,0.345056,-0.005884,0.052291,0.019492
6.750000,0.062404,0.324685,0.345628,-0.005066,0.051668,0.018668
6.760000,0.061606,0.325266,0.346214,-0.004226,0.051029,0.017822
6.770000,0.060788,0.325862,0.346815,-0.003365,0.050374,0.016955
6.780000,0.059950,0.326472,0.347430,-0.002484,0.049704,0.016068
6.790000,0.059094,0.327096,0.348060,-0.001583,0.049018,0.015160
6.800000,0.058219,0.327734,0.348703,-0.000662,0.048318,0.014233
6.810000,0.057327,0.328385,0.349360,0.000278,0.047603,0.013286
6.820000,0.056417,0.329049,0.350029,0.001237,0.046875,0.012322
6.830000,0.055492,0.329725,0.350710,0.002213,0.046134,0.011339
6.840000,0.054551,0.330412,0.351403,0.003205,0.045381,0.010341
6.850000,0.053596,0.331110,0.352106,0.004212,0.044616,0.009327
6.860000,0.052627,0.331817,0.352820,0.005234,0.043841,0.008299
6.870000,0.051646,0.332534,0.353543,0.006269,0.043056,0.007258
6.880000,0.050653,0.333259,0.354274,0.007317,0.042261,0.006204
6.890000,0.049650,0.333992,0.355014,0.008376,0.041458,0.005139
6.900000,0.048636,0.334733,0.355761,0.009446,0.040647,0.004063
6.910000,0.047614,0.335481,0.356514,0.010526,0.039829,0.002978
6.920000,0.046584,0.336234,0.357274,0.011614,0.039004,0.001884
6.930000,0.045547,0.336993,0.358039,0.012710,0.038173,0.000782
6.940000,0.044503,0.337756,0.358809,0.013812,0.037338,-0.000326
6.950000,0.043454,0.338523,0.359583,0.014920,0.036498,-0.001441
6.960000,0.042400,0.339294,0.360360,0.016033,0.035654,-0.002560
6.970000,0.041343,0.340067,0.361140,0.017149,0.034808,-0.003683
6.980000,0.040282,0.340843,0.361922,0.018268,0.033959,-0.004809
6.990000,0.039220,0.341619,0.362705,0.019389,0.033109,-0.005936
7.000000,0.038157,0.342396,0.363489,0.020511,0.032258,-0.007065
7.010000,0.037094,0.343173,0.364273,0.021633,0.031407,-0.008193
7.020000,0.036032,0.343949,0.365056,0.022754,0.030556,-0.009321
7.030000,0.034971,0.344723,0.365837,0.023873,0.029707,-0.010446
7.040000,0.033913,0.345496,0.366617,0.024989,0.028860,-0.011569
7.050000,0.032859,0.346266,0.367394,0.026101,0.028016,-0.012688
7.060000,0.031809,0.347033,0.368167,0.027209,0.027175,-0.013802
7.070000,0.030764,0.347796,0.368937,0.028311,0.026339,-0.014911
7.080000,0.029726,0.348554,0.369702,0.029406,0.025508,-0.016013
7.090000,0.028695,0.349307,0.370462,0.030493,0.024683,-0.017107
7.100000,0.027672,0.350054,0.371215,0.031572,0.023864,-0.018193
7.110000,0.026659,0.350795,0.371962,0.032641,0.023052,-0.019269
7.120000,0.025655,0.351528,0.372702,0.033700,0.022249,-0.020334
7.130000,0.024662,0.352253,0.373434,0.034748,0.021454,-0.021388
7.140000,0.023681,0.352970,0.374157,0.035783,0.020669,-0.022429
7.150000,0.022713,0.353678,0.374870,0.036805,0.019894,-0.023457
7.160000,0.021758,0.354376,0.375574,0.037813,0.019130,-0.024470
7.170000,0.020818,0.355064,0.376267,0.038806,0.018378,-0.025468
7.180000,0.019894,0.355740,0.376949,0.039783,0.017638,-0.026450
7.190000,0.018986,0.356405,0.377618,0.040743,0.016911,-0.027415
7.200000,0.018095,0.357057,0.378275,0.041685,0.016198,-0.028362
7.210000,0.017222,0.357696,0.378919,0.042608,0.015499,-0.029290
7.220000,0.016368,0.358322,0.379548,0.043512,0.014815,-0.030198
7.230000,0.015533,0.358934,0.380164,0.044396,0.014147,-0.031086
7.240000,0.014718,0.359532,0.380766,0.045259,0.013494,-0.031953
7.250000,0.013923,0.360115,0.381353,0.046101,0.012857,-0.032799
7.260000,0.013147,0.360684,0.381925,0.046922,0.012237,-0.033624
7.270000,0.012393,0.361237,0.382482,0.047721,0.011634,-0.034426
7.280000,0.011660,0.361775,0.383023,0.048497,0.011047,-0.035206
7.290000,0.010949,0.362296,0.383548,0.049250,0.010477,-0.035962
7.300000,0.010259,0.362801,0.384057,0.049980,0.009925,-0.036695
7.310000,0.009592,0.363290,0.384549,0.050685,0.009391,-0.037404
7.320000,0.008948,0.363761,0.385024,0.051366,0.008875,-0.038088
7.330000,0.008327,0.364215,0.385482,0.052021,0.008378,-0.038747
7.340000,0.007730,0.364651,0.385922,0.052651,0.007900,-0.039381
7.350000,0.007157,0.365069,0.386343,0.053254,0.007441,-0.039988
7.360000,0.006608,0.365468,0.386747,0.053830,0.007002,-0.040569
7.370000,0.006084,0.365848,0.387132,0.054379,0.006583,-0.041123
7.380000,0.005586,0.366208,0.387498,0.054900,0.006184,-0.041649
7.390000,0.005113,0.366549,0.387844,0.055393,0.005806,-0.042147
7.400000,0.004667,0.366870,0.388171,0.055856,0.005449,-0.042617
7.410000,0.004247,0.367171,0.388478,0.056290,0.005113,-0.043058
7.420000,0.003854,0.367452,0.388765,0.056696,0.004797,-0.043470
7.430000,0.003485,0.367714,0.389034,0.057074,0.004502,-0.043855
7.440000,0.003141,0.367958,0.389284,0.057426,0.004226,-0.044214
7.450000,0.002821,0.368185,0.389517,0.057753,0.003969,-0.044548
7.460000,0.002523,0.368394,0.389733,0.058056,0.003731,-0.044858
7.470000,0.002248,0.368588,0.389933,0.058337,0.003511,-0.045144
7.480000,0.001994,0.368767,0.390117,0.058595,0.003308,-0.045408
7.490000,0.001761,0.368931,0.390286,0.058832,0.003122,-0.045650
7.500000,0.001549,0.369082,0.390441,0.059050,0.002951,-0.045872
7.510000,0.001356,0.369220,0.390582,0.059249,0.002796,-0.046075
7.520000,0.001181,0.369346,0.390710,0.059431,0.002656,-0.046259
7.530000,0.001024,0.369461,0.390826,0.059597,0.002530,-0.046426
7.540000,0.000885,0.369565,0.390929,0.059748,0.002418,-0.046576
7.550000,0.000761,0.369659,0.391022,0.059884,0.002320,-0.046710
7.560000,0.000654,0.369745,0.391104,0.060008,0.002234,-0.046830
7.570000,0.000562,0.369822,0.391176,0.060120,0.002160,-0.046936
7.580000,0.000483,0.369892,0.391239,0.060220,0.002098,-0.047029
7.590000,0.000419,0.369956,0.391294,0.060311,0.002047,-0.047110
7.600000,0.000367,0.370013,0.391340,0.060394,0.002006,-0.047181
7.610000,0.000327,0.370065,0.391379,0.060469,0.001975,-0.047242
7.620000,0.000298,0.370111,0.391411,0.060536,0.001952,-0.047293
7.630000,0.000277,0.370152,0.391437,0.060594,0.001936,-0.047336
7.640000,0.000263,0.370186,0.391457,0.060644,0.001925,-0.047370
7.650000,0.000254,0.370214,0.391472,0.060684,0.001919,-0.047396
7.660000,0.000250,0.370234,0.391483,0.060714,0.001915,-0.047416
7.670000,0.000246,0.370247,0.391490,0.060733,0.001913,-0.047428
7.680000,0.000243,0.370253,0.391494,0.060741,0.001910,-0.047434
7.690000,0.000238,0.370250,0.391495,0.060737,0.001906,-0.047435
7.700000,0.000229,0.370239,0.391494,0.060722,0.001898,-0.047430
7.710000,0.000216,0.370220,0.391492,0.060693,0.001887,-0.047421
7.720000,0.000195,0.370191,0.391489,0.060652,0.001869,-0.047407
7.730000,0.000166,0.370153,0.391486,0.060597,0.001844,-0.047390
7.740000,0.000127,0.370105,0.391482,0.060528,0.001811,-0.047369
7.750000,0.000075,0.370047,0.391480,0.060444,0.001768,-0.047346
7.760000,0.000010,0.369978,0.391479,0.060345,0.001713,-0.047321
7.770000,-0.000071,0.369898,0.391480,0.060230,0.001646,-0.047294
7.780000,-0.000169,0.369807,0.391484,0.060099,0.001564,-0.047266
7.790000,-0.000285,0.369705,0.391491,0.059950,0.001467,-0.047238
7.800000,-0.000423,0.369590,0.391502,0.059785,0.001352,-0.047209
7.810000,-0.000583,0.369463,0.391517,0.059602,0.001219,-0.047181
7.820000,-0.000765,0.369323,0.391537,0.059400,0.001067,-0.047152
7.830000,-0.000970,0.369170,0.391561,0.059180,0.000896,-0.047124
7.840000,-0.001198,0.369003,0.391589,0.058940,0.000706,-0.047096
7.850000,-0.001449,0.368823,0.391621,0.058680,0.000496,-0.047068
7.860000,-0.001725,0.368628,0.391658,0.058400,0.000267,-0.047039
7.870000,-0.002024,0.368418,0.391698,0.058098,0.000018,-0.047010
7.880000,-0.002347,0.368194,0.391743,0.057775,-0.000251,-0.046980
7.890000,-0.002695,0.367954,0.391792,0.057430,-0.000540,-0.046949
7.900000,-0.003068,0.367698,0.391845,0.057061,-0.000850,-0.046916
7.910000,-0.003466,0.367426,0.391901,0.056670,-0.001181,-0.046882
7.920000,-0.003889,0.367138,0.391962,0.056254,-0.001533,-0.046846
7.930000,-0.004337,0.366833,0.392027,0.055814,-0.001906,-0.046809
7.940000,-0.004811,0.366510,0.392095,0.055349,-0.002301,-0.046770
7.950000,-0.005311,0.366170,0.392167,0.054859,-0.002718,-0.046729
7.960000,-0.005838,0.365811,0.392243,0.054342,-0.003156,-0.046685
7.970000,-0.006391,0.365434,0.392322,0.053799,-0.003616,-0.046639
7.980000,-0.006972,0.365038,0.392405,0.053229,-0.004099,-0.046590
7.990000,-0.007579,0.364623,0.392492,0.052630,-0.004604,-0.046538
8.000000,-0.008214,0.364188,0.392582,0.052004,-0.005132,-0.046483
8.010000,-0.008876,0.363733,0.392676,0.051349,-0.005683,-0.046425
8.020000,-0.009566,0.363259,0.392773,0.050666,-0.006257,-0.046364
8.030000,-0.010281,0.362766,0.392873,0.049955,-0.006852,-0.046300
8.040000,-0.011022,0.362254,0.392977,0.049218,-0.007469,-0.046233
8.050000,-0.011788,0.361725,0.393084,0.048455,-0.008106,-0.046163
8.060000,-0.012577,0.361178,0.393194,0.047668,-0.008764,-0.046090
8.070000,-0.013390,0.360615,0.393307,0.046857,-0.009440,-0.046015
8.080000,-0.014226,0.360036,0.393423,0.046022,-0.010136,-0.045937
8.090000,-0.015084,0.359441,0.393542,0.045165,-0.010850,-0.045857
8.100000,-0.015963,0.358831,0.393664,0.044285,-0.011581,-0.045774
8.110000,-0.016863,0.358206,0.393788,0.043385,-0.012330,-0.045690
8.120000,-0.017782,0.357567,0.393915,0.042465,-0.013095,-0.045603
8.130000,-0.018721,0.356915,0.394044,0.041525,-0.013876,-0.045514
8.140000,-0.019678,0.356249,0.394176,0.040567,-0.014672,-0.045424
8.150000,-0.020652,0.355571,0.394310,0.039591,-0.015484,-0.045332
8.160000,-0.021644,0.354882,0.394447,0.038598,-0.016309,-0.045238
8.170000,-0.022652,0.354181,0.394586,0.037589,-0.017148,-0.045143
8.180000,-0.023675,0.353470,0.394727,0.036564,-0.018000,-0.045046
8.190000,-0.024714,0.352749,0.394871,0.035525,-0.018864,-0.044948
8.200000,-0.025766,0.352018,0.395016,0.034472,-0.019740,-0.044849
8.210000,-0.026831,0.351278,0.395163,0.033406,-0.020627,-0.044749
8.220000,-0.027909,0.350530,0.395313,0.032327,-0.021524,-0.044647
8.230000,-0.028999,0.349773,0.395464,0.031238,-0.022430,-0.044545
8.240000,-0.030099,0.349010,0.395616,0.030138,-0.023346,-0.044442
8.250000,-0.031209,0.348240,0.395770,0.029029,-0.024270,-0.044338
8.260000,-0.032328,0.347464,0.395924,0.027911,-0.025201,-0.044234
8.270000,-0.033455,0.346683,0.396080,0.026786,-0.026139,-0.044129
8.280000,-0.034588,0.345897,0.396237,0.025654,-0.027082,-0.044024
8.290000,-0.035727,0.345107,0.396395,0.024516,-0.028030,-0.043918
8.300000,-0.036871,0.344314,0.396554,0.023373,-0.028983,-0.043811
8.310000,-0.038020,0.343518,0.396713,0.022227,-0.029939,-0.043704
8.320000,-0.039171,0.342720,0.396873,0.021077,-0.030897,-0.043597
8.330000,-0.040325,0.341920,0.397033,0.019925,-0.031857,-0.043490
8.340000,-0.041480,0.341120,0.397194,0.018772,-0.032818,-0.043382
8.350000,-0.042635,0.340319,0.397355,0.017619,-0.033780,-0.043275
8.360000,-0.043790,0.339519,0.397515,0.016466,-0.034741,-0.043168
8.370000,-0.044943,0.338720,0.397675,0.015315,-0.035701,-0.043061
8.380000,-0.046094,0.337922,0.397834,0.014166,-0.036659,-0.042954
8.390000,-0.047242,0.337127,0.397993,0.013020,-0.037614,-0.042848
8.400000,-0.048385,0.336335,0.398152,0.011879,-0.038565,-0.042742
8.410000,-0.049523,0.335546,0.398310,0.010743,-0.039512,-0.042636
8.420000,-0.050654,0.334762,0.398467,0.009613,-0.040453,-0.042531
8.430000,-0.051778,0.333983,0.398623,0.008492,-0.041388,-0.042427
8.440000,-0.052892,0.333211,0.398778,0.007379,-0.042315,-0.042323
8.450000,-0.053996,0.332446,0.398931,0.006277,-0.043234,-0.042220
8.460000,-0.055087,0.331689,0.399082,0.005186,-0.044142,-0.042119
8.470000,-0.056166,0.330941,0.399232,0.004109,-0.045040,-0.042018
8.480000,-0.057230,0.330203,0.399379,0.003046,-0.045926,-0.041919
8.490000,-0.058278,0.329476,0.399524,0.001999,-0.046799,-0.041821
8.500000,-0.059309,0.328761,0.399668,0.000969,-0.047657,-0.041725
8.510000,-0.060322,0.328059,0.399808,-0.000043,-0.048500,-0.041631
8.520000,-0.061315,0.327370,0.399946,-0.001035,-0.049326,-0.041538
8.530000,-0.062287,0.326696,0.400081,-0.002006,-0.050135,-0.041447
8.540000,-0.063236,0.326037,0.400212,-0.002954,-0.050925,-0.041359
8.550000,-0.064161,0.325396,0.400340,-0.003878,-0.051695,-0.041273
8.560000,-0.065062,0.324771,0.400465,-0.004778,-0.052444,-0.041189
8.570000,-0.065936,0.324165,0.400586,-0.005651,-0.053171,-0.041108
8.580000,-0.066783,0.323578,0.400703,-0.006497,-0.053876,-0.041029
8.590000,-0.067600,0.323012,0.400817,-0.007314,-0.054556,-0.040952
8.600000,-0.068387,0.322466,0.400926,-0.008100,-0.055211,-0.040879
8.610000,-0.069143,0.321942,0.401031,-0.008855,-0.055840,-0.040809
8.620000,-0.069868,0.321439,0.401131,-0.009580,-0.056444,-0.040741
8.630000,-0.070565,0.320956,0.401228,-0.010276,-0.057024,-0.040676
8.640000,-0.071235,0.320491,0.401321,-0.010945,-0.057582,-0.040614
8.650000,-0.071880,0.320044,0.401410,-0.011589,-0.058119,-0.040554
8.660000,-0.072501,0.319613,0.401497,-0.012209,-0.058636,-0.040496
8.670000,-0.073100,0.319198,0.401580,-0.012807,-0.059134,-0.040440
8.680000,-0.073678,0.318797,0.401660,-0.013385,-0.059615,-0.040386
8.690000,-0.074237,0.318409,0.401737,-0.013943,-0.060080,-0.040334
8.700000,-0.074778,0.318034,0.401812,-0.014484,-0.060531,-0.040283
8.710000,-0.075304,0.317670,0.401885,-0.015009,-0.060968,-0.040235
8.720000,-0.075815,0.317315,0.401956,-0.015520,-0.061394,-0.040187
8.730000,-0.076314,0.316969,0.402025,-0.016018,-0.061809,-0.040141
8.740000,-0.076801,0.316631,0.402093,-0.016505,-0.062215,-0.040095
8.750000,-0.077280,0.316299,0.402159,-0.016982,-0.062613,-0.040051
8.760000,-0.077750,0.315973,0.402224,-0.017452,-0.063004,-0.040007
8.770000,-0.078214,0.315651,0.402288,-0.017915,-0.063390,-0.039964
8.780000,-0.078673,0.315333,0.402352,-0.018374,-0.063772,-0.039921
8.790000,-0.079129,0.315017,0.402416,-0.018829,-0.064152,-0.039878
8.800000,-0.079584,0.314702,0.402479,-0.019283,-0.064530,-0.039836
